GCF_003994075_1_ASM399407v1_genomic.fna	0.0
GCF_000365625_1_Bruc_abor_LEVI237_V1_genomic.fna	0.0
GCF_006517315_1_ASM651731v1_genomic.fna	0.0
GCF_000370445_1_Bruc_abor_F6_05-3_V1_genomic.fna	0.0
GCF_006517335_1_ASM651733v1_genomic.fna	0.0
GCF_000370065_1_Bruc_abor_63_294_V1_genomic.fna	0.0
GCF_006507665_1_ASM650766v1_genomic.fna	0.0
GCF_001715365_1_ASM171536v1_genomic.fna	0.0
GCF_000348645_1_MD5v1_genomic.fna	0.0
GCF_000369905_1_Bruc_abor_225_65_V1_genomic.fna	0.0
GCF_000480295_1_Bruc_cani_04-2330-1_V1_genomic.fna	0.0
GCF_006506485_1_ASM650648v1_genomic.fna	0.0
GCF_000365645_1_Bruc_abor_levi_gila_V1_genomic.fna	0.0
GCF_004168645_1_ASM416864v1_genomic.fna	0.0
GCF_900236555_1_Bru_genome5_genomic.fna	0.0
GCF_900446005_1_58116_B01_genomic.fna	0.0
GCF_000157735_1_ASM15773v1_genomic.fna	0.0
GCF_002150445_1_ASM215044v1_genomic.fna	0.0
GCF_002895145_1_ASM289514v1_genomic.fna	0.0
GCF_001402095_1_ASM140209v1_genomic.fna	0.0
GCF_000245895_1_Bruc_abor_bv1_NI488_V1_genomic.fna	0.0
GCF_006506215_1_ASM650621v1_genomic.fna	0.0
GCF_000740315_1_ASM74031v1_genomic.fna	0.0
GCF_000698345_1_ASM69834v1_genomic.fna	0.0
GCF_000298575_1_V1_0_for_Brucella_canis_str_118_genomic.fna	0.0
GCF_002150355_1_ASM215035v1_genomic.fna	0.0
GCF_003253375_1_ASM325337v1_genomic.fna	0.0
GCF_000480135_1_Bruc_suis_06-997-1672_V1_genomic.fna	0.0
GCF_000292065_1_ASM29206v1_genomic.fna	0.0
GCF_002191935_1_ASM219193v1_genomic.fna	0.0
GCF_000370405_1_Bruc_abor_F10_06-3_V1_genomic.fna	0.0
GCF_003989635_1_ASM398963v1_genomic.fna	0.0
GCF_006507585_1_ASM650758v1_genomic.fna	0.0
GCF_000366865_1_Bruc_meli_66_59_V1_genomic.fna	0.0
GCF_006506785_1_ASM650678v1_genomic.fna	0.0
GCF_003675365_1_ASM367536v1_genomic.fna	0.0
GCF_006507285_1_ASM650728v1_genomic.fna	0.0
GCF_000370705_1_Bruc_meli_F9_05_V1_genomic.fna	0.0
GCF_001938045_1_ASM193804v1_genomic.fna	0.0
GCF_000366725_1_Bruc_abor_NI622_V1_genomic.fna	0.0
GCF_000370005_1_Bruc_abor_63_138_V1_genomic.fna	0.0
GCF_006507235_1_ASM650723v1_genomic.fna	0.0
GCF_003994105_1_ASM399410v1_genomic.fna	0.0
GCF_002191335_1_ASM219133v1_genomic.fna	0.0
GCF_900446145_1_59071_D01_genomic.fna	0.0
GCF_001594165_1_ASM159416v1_genomic.fna	0.0
GCF_001938165_1_ASM193816v1_genomic.fna	0.0
GCF_000209635_2_ASM20963v2_genomic.fna	0.0
GCF_006506635_1_ASM650663v1_genomic.fna	0.0
GCF_006506105_1_ASM650610v1_genomic.fna	0.0
GCF_006506565_1_ASM650656v1_genomic.fna	0.0
GCF_000163135_1_ASM16313v1_genomic.fna	0.0
GCF_000370605_1_Bruc_cani_CNGB_513_V1_genomic.fna	0.0
GCF_900417215_1_00-4216_genomic.fna	0.0
GCF_000245835_1_Bruc_abor_bv1_NI435a_V1_genomic.fna	0.0
GCF_001702315_1_ASM170231v1_genomic.fna	0.0
GCF_003194795_1_ASM319479v1_genomic.fna	0.0
GCF_900236395_1_Bru_genome41_genomic.fna	0.0
GCF_006506875_1_ASM650687v1_genomic.fna	0.0
GCF_003194765_1_ASM319476v1_genomic.fna	0.0
GCF_000245955_1_Bruc_abor_bv1_NI021_V1_genomic.fna	0.0
GCF_000292165_1_ASM29216v2_genomic.fna	0.0
GCF_006506545_1_ASM650654v1_genomic.fna	0.0
GCF_900446105_1_59302_A02_genomic.fna	0.0
GCF_002278715_1_ASM227871v1_genomic.fna	0.0
GCF_003993995_1_ASM399399v1_genomic.fna	0.0
GCF_000365745_1_Bruc_abor_F3_01-0300_V1_genomic.fna	0.0
GCF_006506895_1_ASM650689v1_genomic.fna	0.0
GCF_002994775_1_ASM299477v1_genomic.fna	0.0
GCF_001715385_1_ASM171538v1_genomic.fna	0.0
GCF_000740355_1_ASM74035v1_genomic.fna	0.0
GCF_000371105_1_Bruc_suis_63_198_V1_genomic.fna	0.0
GCF_006507815_1_ASM650781v1_genomic.fna	0.0
GCF_900497665_1_09-369-776-1_genomic.fna	0.0
GCF_000370245_1_Bruc_abor_80_28_V1_genomic.fna	0.0
GCF_900491905_1_96-9626_genomic.fna	0.0
GCF_006507645_1_ASM650764v1_genomic.fna	0.0
GCF_002291325_1_ASM229132v1_genomic.fna	0.0
GCF_001742815_1_ASM174281v1_genomic.fna	0.0
GCF_900236365_1_Bru_genome40_genomic.fna	0.0
GCF_000413655_1_Bruc_abor_biovar_1_90-0742_V1_genomic.fna	0.0
GCF_000366985_1_Bruc_meli_F5_07-239A_V1_genomic.fna	0.0
GCF_000712255_1_Bneotomae2_0_genomic.fna	0.0
GCF_000366365_1_Bruc_abor_80_108_V1_genomic.fna	0.0
GCF_000365965_1_Bruc_ovis_IntaBari-2001-319-4082_V1_genomic.fna	1.0
GCF_000477635_1_Bruc_abor_BC95_V1_genomic.fna	0.0
GCF_000479975_1_Bruc_meli_02-7258_V1_genomic.fna	0.0
GCF_000367265_1_Bruc_cani_CNGB_1172_V1_genomic.fna	0.0
GCF_000160255_1_ASM16025v1_genomic.fna	0.0
GCF_006507135_1_ASM650713v1_genomic.fna	0.0
GCF_001302545_1_ASM130254v1_genomic.fna	0.0
GCF_000366465_1_Bruc_abor_90_50_V1_genomic.fna	0.0
GCF_000366845_1_Bruc_meli_64_150_V1_genomic.fna	0.0
GCF_000007125_1_ASM712v1_genomic.fna	0.0
GCF_006507675_1_ASM650767v1_genomic.fna	0.0
GCF_002191495_1_ASM219149v1_genomic.fna	0.0
GCF_001937895_1_ASM193789v1_genomic.fna	0.0
GCF_900236465_1_Bru_genome45_genomic.fna	0.0
GCF_001402005_1_ASM140200v1_genomic.fna	0.0
GCF_000366205_1_Bruc_suis_92_29_V1_genomic.fna	0.0
GCF_006506205_1_ASM650620v1_genomic.fna	0.0
GCF_001937915_1_ASM193791v1_genomic.fna	0.0
GCF_006506135_1_ASM650613v1_genomic.fna	0.0
GCF_000182235_1_ASM18223v1_genomic.fna	0.0
GCF_000365905_1_Bruc_ovis_IntaBari-2010-47-871_V1_genomic.fna	1.0
GCF_002191475_1_ASM219147v1_genomic.fna	0.0
GCF_900460605_1_58116_D02_genomic.fna	0.0
GCF_000371165_1_Bruc_suis_F12_02_V1_genomic.fna	0.0
GCF_006507465_1_ASM650746v1_genomic.fna	0.0
GCF_000480035_1_Bruc_suis_06-791-1309_V1_genomic.fna	0.0
GCF_000367065_1_Bruc_ovis_80_125_V1_genomic.fna	1.0
GCF_002204335_1_ASM220433v1_genomic.fna	0.0
GCF_002266785_1_ASM226678v1_genomic.fna	0.0
GCF_001938135_1_ASM193813v1_genomic.fna	0.0
GCF_003244395_1_ASM324439v1_genomic.fna	0.0
GCF_002191915_1_ASM219191v1_genomic.fna	0.0
GCF_006507855_1_ASM650785v1_genomic.fna	0.0
GCF_000370905_1_Bruc_ovis_81_8_V1_genomic.fna	1.0
GCF_002191815_1_ASM219181v1_genomic.fna	0.0
GCF_001866335_1_ASM186633v1_genomic.fna	0.0
GCF_000590795_1_ASM59079v1_genomic.fna	0.0
GCF_000367005_1_Bruc_meli_F6_05-6_V1_genomic.fna	0.0
GCF_001758265_1_ASM175826v1_genomic.fna	0.0
GCF_004137225_1_ASM413722v1_genomic.fna	0.0
GCF_000740415_1_ASM74041v1_genomic.fna	0.0
GCF_000413735_1_Bruc_abor_biovar_1_94-1313_V1_genomic.fna	0.0
GCF_000366625_1_Bruc_meli_CNGB_1076_V1_genomic.fna	0.0
GCF_000366965_1_Bruc_meli_F3_02_V1_genomic.fna	0.0
GCF_000366265_1_Bruc_suis_CNGB_786_V1_genomic.fna	0.0
GCF_001608355_1_BMEL002-SEQ-1-ASM-1_genomic.fna	0.0
GCF_000479955_1_Bruc_abor_01-4165_V1_genomic.fna	0.0
GCF_000370565_1_Bruc_abor_R42-08_V1_genomic.fna	0.0
GCF_003010715_1_ASM301071v1_genomic.fna	0.0
GCF_000018525_1_ASM1852v1_genomic.fna	0.0
GCF_000365865_1_Bruc_meli_B115_V1_genomic.fna	0.0
GCF_002191675_1_ASM219167v1_genomic.fna	0.0
GCF_001937885_1_ASM193788v1_genomic.fna	0.0
GCF_000158735_1_ASM15873v1_genomic.fna	0.0
GCF_002291205_1_ASM229120v1_genomic.fna	0.0
GCF_000371005_1_Bruc_sp_F8_99_V1_genomic.fna	0.0
GCF_000018905_1_ASM1890v1_genomic.fna	0.0
GCF_002191375_1_ASM219137v1_genomic.fna	0.0
GCF_003994175_1_ASM399417v1_genomic.fna	0.0
GCF_000367045_1_Bruc_meli_UK19_04_V1_genomic.fna	0.0
GCF_000367305_1_Bruc_cani_F7_05A_V1_genomic.fna	0.0
GCF_006507295_1_ASM650729v1_genomic.fna	0.0
GCF_006507375_1_ASM650737v1_genomic.fna	0.0
GCF_000366645_1_Bruc_abor_NI518_V1_genomic.fna	0.0
GCF_000366905_1_Bruc_meli_CNGB_290_V1_genomic.fna	0.0
GCF_002262995_1_ASM226299v1_genomic.fna	0.0
GCF_000740945_1_ASM74094v1_genomic.fna	0.0
GCF_000292025_1_ASM29202v2_genomic.fna	0.0
GCF_000366025_1_Bruc_abor_RB51_V1_genomic.fna	0.0
GCF_001267725_1_ASM126772v1_genomic.fna	0.0
GCF_000370125_1_Bruc_abor_65_157_V1_genomic.fna	0.0
GCF_006506925_1_ASM650692v1_genomic.fna	0.0
GCF_000371125_1_Bruc_suis_63_261_V1_genomic.fna	0.0
GCF_000685375_1_BMIND1_v1_genomic.fna	0.0
GCF_000366805_1_Bruc_abor_NI649_V1_genomic.fna	0.0
GCF_002895105_1_ASM289510v1_genomic.fna	0.0
GCF_002266765_1_ASM226676v1_genomic.fna	0.0
GCF_000480115_1_Bruc_abor_99-9971-159_V1_genomic.fna	0.0
GCF_003993895_1_ASM399389v1_genomic.fna	0.0
GCF_006507975_1_ASM650797v1_genomic.fna	0.0
GCF_004208655_1_ASM420865v1_genomic.fna	0.0
GCF_001043295_1_ASM104329v1_genomic.fna	0.0
GCF_000007505_1_ASM750v1_genomic.fna	0.0
GCF_000366665_1_Bruc_abor_NI628_V1_genomic.fna	0.0
GCF_002245235_1_ASM224523v1_genomic.fna	0.0
GCF_000371225_1_Bruc_suis_F7_06-1_V1_genomic.fna	0.0
GCF_006507695_1_ASM650769v1_genomic.fna	0.0
GCF_000158715_1_ASM15871v1_genomic.fna	0.0
GCF_006507335_1_ASM650733v1_genomic.fna	0.0
GCF_001296965_1_ASM129696v1_genomic.fna	0.0
GCF_000371245_1_Bruc_suis_F7_06-2_V1_genomic.fna	0.0
GCF_000473805_1_Brucella82_genomic.fna	0.0
GCF_000238175_1_ASM23817v1_genomic.fna	0.0
GCF_006517325_1_ASM651732v1_genomic.fna	0.0
GCF_000875695_1_ASM87569v1_genomic.fna	0.0
GCF_900446015_1_58932_C01_genomic.fna	0.0
GCF_000366685_1_Bruc_abor_NI593_V1_genomic.fna	0.0
GCF_000158995_1_ASM15899v1_genomic.fna	0.0
GCF_000480095_1_Bruc_meli_02-5863-1_V1_genomic.fna	0.0
GCF_000245915_1_Bruc_abor_bv1_NI010_V1_genomic.fna	0.0
GCF_900236575_1_Bru_genome10_genomic.fna	0.0
GCF_000366825_1_Bruc_cani_UK10_02_V1_genomic.fna	0.0
GCF_002290785_1_ASM229078v1_genomic.fna	0.0
GCF_000366345_1_Bruc_abor_80_102_V1_genomic.fna	0.0
GCF_003993825_1_ASM399382v1_genomic.fna	0.0
GCF_002191735_1_ASM219173v1_genomic.fna	0.0
GCF_002191235_1_ASM219123v1_genomic.fna	0.0
GCF_000480315_1_Bruc_suis_06-988-1656_V1_genomic.fna	0.0
GCF_000157835_1_ASM15783v1_genomic.fna	0.0
GCF_006506115_1_ASM650611v1_genomic.fna	0.0
GCF_000413995_1_Bruc_abor_biovar_1_87-2211_V1_genomic.fna	0.0
GCF_900446055_1_59014_A01_genomic.fna	0.0
GCF_000370945_1_Bruc_sp_63_311_V1_genomic.fna	0.0
GCF_003290345_1_ASM329034v1_genomic.fna	0.0
GCF_002278585_1_ASM227858v1_genomic.fna	0.0
GCF_006507125_1_ASM650712v1_genomic.fna	0.0
GCF_000371305_1_Bruc_suis_F8_06-3_V1_genomic.fna	0.0
GCF_001402055_1_ASM140205v1_genomic.fna	0.0
GCF_001856205_1_ASM185620v1_genomic.fna	0.0
GCF_006506975_1_ASM650697v1_genomic.fna	0.0
GCF_000366705_1_Bruc_abor_NI639_V1_genomic.fna	0.0
GCF_000370285_1_Bruc_abor_85_69_V1_genomic.fna	0.0
GCF_000366325_1_Bruc_abor_78_36_V1_genomic.fna	0.0
GCF_002245225_1_ASM224522v1_genomic.fna	0.0
GCF_006506505_1_ASM650650v1_genomic.fna	0.0
GCF_000742275_1_ASM74227v1_genomic.fna	0.0
GCF_000480055_1_Bruc_suis_04-0115_V1_genomic.fna	0.0
GCF_000371025_1_Bruc_sp_F96_2_V1_genomic.fna	0.0
GCF_000366185_1_Bruc_abor_NI380_V1_genomic.fna	0.0
GCF_002591255_1_ASM259125v1_genomic.fna	0.0
GCF_000365885_1_Bruc_ovis_IntaBari-2006-46-332_V1_genomic.fna	1.0
GCF_006506685_1_ASM650668v1_genomic.fna	0.0
GCF_001857585_1_ASM185758v1_genomic.fna	0.0
GCF_000157675_1_ASM15767v1_genomic.fna	0.0
GCF_003856415_1_ASM385641v1_genomic.fna	0.0
GCF_002191655_1_ASM219165v1_genomic.fna	0.0
GCF_000366525_1_Bruc_abor_CNGB_1432_V1_genomic.fna	0.0
GCF_000370305_1_Bruc_abor_87_28_V1_genomic.fna	0.0
GCF_000369945_1_Bruc_abor_544_V1_genomic.fna	0.0
GCF_000236255_1_ASM23625v1_genomic.fna	0.0
GCF_000366385_1_Bruc_abor_85_140_V1_genomic.fna	0.0
GCF_006506985_1_ASM650698v1_genomic.fna	0.0
GCF_006507825_1_ASM650782v1_genomic.fna	0.0
GCF_002191575_1_ASM219157v1_genomic.fna	0.0
GCF_000590815_1_ASM59081v1_genomic.fna	0.0
GCF_006506425_1_ASM650642v1_genomic.fna	0.0
GCF_000370885_1_Bruc_ovis_63_96_V1_genomic.fna	1.0
GCF_003993935_1_ASM399393v1_genomic.fna	0.0
GCF_001766425_1_ASM176642v1_genomic.fna	0.0
GCF_000366605_1_Bruc_abor_63_59_V1_genomic.fna	0.0
GCF_900236485_1_Bru_genome24_genomic.fna	0.0
GCF_000366585_1_Bruc_meli_UK22_06_V1_genomic.fna	0.0
GCF_000413775_1_Bruc_abor_biovar_1_01-0585_V1_genomic.fna	0.0
GCF_002191435_1_ASM219143v1_genomic.fna	0.0
GCF_000298635_1_V1_0_of_Brucella_abortus_bv_1_str_134_genomic.fna	0.0
GCF_003205535_1_ASM320553v1_genomic.fna	0.0
GCF_002291345_1_ASM229134v1_genomic.fna	0.0
GCF_000370145_1_Bruc_abor_65_63_V1_genomic.fna	0.0
GCF_000370465_1_Bruc_abor_F6_05-4_V1_genomic.fna	0.0
GCF_000209575_2_ASM20957v2_genomic.fna	0.0
GCF_000399725_1_Bruc_abor_I103_UK3_01_V1_genomic.fna	0.0
GCF_002192155_1_ASM219215v1_genomic.fna	0.0
GCF_001856265_1_ASM185626v1_genomic.fna	0.0
GCF_900236525_1_Bru_genome6_genomic.fna	0.0
GCF_000365665_1_Bruc_abor_NI240_V1_genomic.fna	0.0
GCF_900446065_1_58932_F01_genomic.fna	0.0
GCF_003989905_1_ASM398990v1_genomic.fna	0.0
GCF_900236565_1_Bru_genome8_genomic.fna	0.0
GCF_006508025_1_ASM650802v1_genomic.fna	0.0
GCF_006507105_1_ASM650710v1_genomic.fna	0.0
GCF_000371045_1_Bruc_sp_UK1_97_V1_genomic.fna	0.0
GCF_000691585_1_ASM69158v1_genomic.fna	0.0
GCF_000472245_1_Denovo_assembly_genomic.fna	0.0
GCF_001702255_1_ASM170225v1_genomic.fna	0.0
GCF_000365785_1_Bruc_abor_F1_06-B1_V1_genomic.fna	0.0
GCF_002191295_1_ASM219129v1_genomic.fna	0.0
GCF_001856305_1_ASM185630v1_genomic.fna	0.0
GCF_900236425_1_Bru_genome11_genomic.fna	0.0
GCF_002262975_1_ASM226297v1_genomic.fna	0.0
GCF_006507875_1_ASM650787v1_genomic.fna	0.0
GCF_003194755_1_ASM319475v1_genomic.fna	0.0
GCF_003194805_1_ASM319480v1_genomic.fna	0.0
GCF_000370505_1_Bruc_abor_NI352_V1_genomic.fna	0.0
GCF_000366925_1_Bruc_meli_F10_05-2_V1_genomic.fna	0.0
GCF_006507325_1_ASM650732v1_genomic.fna	0.0
GCF_006507245_1_ASM650724v1_genomic.fna	0.0
GCF_000413635_1_Bruc_abor_biovar_1_90-0962_V1_genomic.fna	0.0
GCF_900446115_1_59302_H01_genomic.fna	0.0
GCF_900236385_1_Bru_genome37_genomic.fna	0.0
GCF_001937825_1_ASM193782v1_genomic.fna	0.0
GCF_003989895_1_ASM398989v1_genomic.fna	0.0
GCF_000740135_1_ASM74013v1_genomic.fna	0.0
GCF_003989885_1_ASM398988v1_genomic.fna	0.0
GCF_004684165_1_ASM468416v1_genomic.fna	0.0
GCF_000370585_1_Bruc_cani_79_122_V1_genomic.fna	0.0
GCF_003516045_1_ASM351604v1_genomic.fna	0.0
GCF_000245975_1_Bruc_abor_bv1_NI259_V1_genomic.fna	0.0
GCF_002192015_1_ASM219201v1_genomic.fna	0.0
GCF_006506735_1_ASM650673v1_genomic.fna	0.0
GCF_900417205_1_00-2956-4_genomic.fna	0.0
GCF_001401925_1_ASM140192v1_genomic.fna	0.0
GCF_000740215_1_ASM74021v1_genomic.fna	0.0
GCF_900491925_1_10469_genomic.fna	0.0
GCF_000250795_1_ASM25079v2_genomic.fna	0.0
GCF_004208675_1_ASM420867v1_genomic.fna	0.0
GCF_006507545_1_ASM650754v1_genomic.fna	0.0
GCF_002278675_1_ASM227867v1_genomic.fna	0.0
GCF_006506725_1_ASM650672v1_genomic.fna	0.0
GCF_002191355_1_ASM219135v1_genomic.fna	0.0
GCF_002192175_1_ASM219217v1_genomic.fna	0.0
GCF_000742005_1_ASM74200v1_genomic.fna	0.0
GCF_900446125_1_57572_C01_genomic.fna	0.0
GCF_002150345_1_ASM215034v1_genomic.fna	0.0
GCF_000365605_1_Bruc_abor_F2_06-8_V1_genomic.fna	0.0
GCF_000209615_2_ASM20961v2_genomic.fna	0.0
GCF_006506995_1_ASM650699v1_genomic.fna	0.0
GCF_000478665_1_Bruc_abor_biovar_1_80-1399_V1_genomic.fna	0.0
GCF_000157795_1_ASM15779v1_genomic.fna	0.0
GCF_000370325_1_Bruc_abor_877_67_V1_genomic.fna	0.0
GCF_002191695_1_ASM219169v1_genomic.fna	0.0
GCF_900000005_1_BVF60_genomic.fna	0.0
GCF_002191255_1_ASM219125v1_genomic.fna	0.0
GCF_000157815_1_ASM15781v1_genomic.fna	0.0
GCF_001302495_1_ASM130249v1_genomic.fna	0.0
GCF_006507475_1_ASM650747v1_genomic.fna	0.0
GCF_002191455_1_ASM219145v1_genomic.fna	0.0
GCF_003993905_1_ASM399390v1_genomic.fna	0.0
GCF_900236515_1_Bru_genome43_genomic.fna	0.0
GCF_000365565_1_Bruc_suis_F8_06-2_V1_genomic.fna	0.0
GCF_003194855_1_ASM319485v1_genomic.fna	0.0
GCF_001038665_1_ASM103866v1_genomic.fna	0.0
GCF_000366485_1_Bruc_abor_93_1_V1_genomic.fna	0.0
GCF_006506035_1_ASM650603v1_genomic.fna	0.0
GCF_900236375_1_Bru_genome9_genomic.fna	0.0
GCF_000227645_1_ASM22764v1_genomic.fna	0.0
GCF_001302485_1_ASM130248v1_genomic.fna	0.0
GCF_002191515_1_ASM219151v1_genomic.fna	0.0
GCF_001402105_1_ASM140210v1_genomic.fna	0.0
GCF_000371345_1_Bruc_ovis_IntaBari-2010-47-268_V1_genomic.fna	1.0
GCF_002749475_1_ASM274947v1_genomic.fna	0.0
GCF_000371265_1_Bruc_suis_F7_06-5_V1_genomic.fna	0.0
GCF_000245855_1_Bruc_abor_bv1_NI486_V1_genomic.fna	0.0
GCF_003516065_1_ASM351606v1_genomic.fna	0.0
GCF_001856215_1_ASM185621v1_genomic.fna	0.0
GCF_006508005_1_ASM650800v1_genomic.fna	0.0
GCF_003432005_1_ASM343200v1_genomic.fna	0.0
GCF_006517295_1_ASM651729v1_genomic.fna	0.0
GCF_006507455_1_ASM650745v1_genomic.fna	0.0
GCF_900446025_1_58932_E01_genomic.fna	0.0
GCF_002204265_1_ASM220426v1_genomic.fna	0.0
GCF_002631235_1_ASM263123v1_genomic.fna	0.0
GCF_001715465_1_ASM171546v1_genomic.fna	0.0
GCF_900236335_1_Bru_genome7_genomic.fna	0.0
GCF_000192885_1_ASM19288v1_genomic.fna	0.0
GCF_001715425_1_ASM171542v1_genomic.fna	0.0
GCF_000413835_1_Bruc_abor_biovar_1_B10-0973_V1_genomic.fna	0.0
GCF_000371185_1_Bruc_suis_5_05-10_V1_genomic.fna	0.0
GCF_006506385_1_ASM650638v1_genomic.fna	0.0
GCF_006517305_1_ASM651730v1_genomic.fna	0.0
GCF_002191875_1_ASM219187v1_genomic.fna	0.0
GCF_003994435_1_ASM399443v1_genomic.fna	0.0
GCF_000370085_1_Bruc_abor_64_108_V1_genomic.fna	0.0
GCF_000413675_1_Bruc_abor_biovar_4_90-0775_V1_genomic.fna	0.0
GCF_001431745_1_ASM143174v1_genomic.fna	0.0
GCF_900236355_1_Bru_genome20_genomic.fna	0.0
GCF_000365945_1_Bruc_ovis_IntaBari-2001-319-5096_V1_genomic.fna	1.0
GCF_001937875_1_ASM193787v1_genomic.fna	0.0
GCF_006506835_1_ASM650683v1_genomic.fna	0.0
GCF_900417255_1_00-3099-5733_genomic.fna	0.0
GCF_006507185_1_ASM650718v1_genomic.fna	0.0
GCF_002263015_1_ASM226301v1_genomic.fna	0.0
GCF_000366885_1_Bruc_meli_CNGB_1120_V1_genomic.fna	0.0
GCF_002192115_1_ASM219211v1_genomic.fna	0.0
GCF_006507225_1_ASM650722v1_genomic.fna	0.0
GCF_000365585_1_Bruc_suis_F5_03-2_V1_genomic.fna	0.0
GCF_000370105_1_Bruc_abor_64_81_V1_genomic.fna	0.0
GCF_000370545_1_Bruc_abor_NI495a_V1_genomic.fna	0.0
GCF_000740375_1_ASM74037v1_genomic.fna	0.0
GCF_001078335_1_B_canis_SCL_genomic.fna	0.0
GCF_000370045_1_Bruc_abor_63_168_V1_genomic.fna	0.0
GCF_000371145_1_Bruc_suis_CNGB_247_V1_genomic.fna	0.0
GCF_006506745_1_ASM650674v1_genomic.fna	0.0
GCF_000414015_1_Bruc_abor_biovar_1_82-2330_V1_genomic.fna	0.0
GCF_900417245_1_00-3099-5734_genomic.fna	0.0
GCF_900446045_1_58932_D01_genomic.fna	0.0
GCF_006507945_1_ASM650794v1_genomic.fna	0.0
GCF_006507595_1_ASM650759v1_genomic.fna	0.0
GCF_006506025_1_ASM650602v1_genomic.fna	0.0
GCF_001702305_1_ASM170230v1_genomic.fna	0.0
GCF_000413815_1_Bruc_abor_biovar_1_B10-0018_V1_genomic.fna	0.0
GCF_003994095_1_ASM399409v1_genomic.fna	0.0
GCF_006507965_1_ASM650796v1_genomic.fna	0.0
GCF_000370345_1_Bruc_abor_88_217_V1_genomic.fna	0.0
GCF_000701065_1_Bru1330_genomic.fna	0.0
GCF_000370025_1_Bruc_abor_63_144_V1_genomic.fna	0.0
GCF_006506855_1_ASM650685v1_genomic.fna	0.0
GCF_006506515_1_ASM650651v1_genomic.fna	0.0
GCF_000182625_1_ASM18262v1_genomic.fna	0.0
GCF_000157855_1_ASM15785v1_genomic.fna	0.0
GCF_002291245_1_ASM229124v1_genomic.fna	0.0
GCF_000367025_1_Bruc_meli_R3_07-2_V1_genomic.fna	0.0
GCF_002192055_1_ASM219205v1_genomic.fna	0.0
GCF_000742215_1_ASM74221v1_genomic.fna	0.0
GCF_000158695_1_ASM15869v1_genomic.fna	0.0
GCF_006507075_1_ASM650707v1_genomic.fna	0.0
GCF_000479995_1_Bruc_abor_03-2770-11_V1_genomic.fna	0.0
GCF_000698245_1_ASM69824v1_genomic.fna	0.0
GCF_001401995_1_ASM140199v1_genomic.fna	0.0
GCF_002191895_1_ASM219189v1_genomic.fna	0.0
GCF_000158795_1_ASM15879v1_genomic.fna	0.0
GCF_006506395_1_ASM650639v1_genomic.fna	0.0
GCF_000370685_1_Bruc_meli_F8_01-155_V1_genomic.fna	0.0
GCF_000413555_1_Bruc_abor_biovar_2_82-3893_V1_genomic.fna	0.0
GCF_900236345_1_Bru_genome47_genomic.fna	0.0
GCF_002278695_1_ASM227869v1_genomic.fna	0.0
GCF_003994025_1_ASM399402v1_genomic.fna	0.0
GCF_006507445_1_ASM650744v1_genomic.fna	0.0
GCF_000370825_1_Bruc_meli_UK3_06_V1_genomic.fna	0.0
GCF_000370745_1_Bruc_meli_UK22_04_V1_genomic.fna	0.0
GCF_900236445_1_Bru_genome2_genomic.fna	0.0
GCF_003993965_1_ASM399396v1_genomic.fna	0.0
GCF_006506965_1_ASM650696v1_genomic.fna	0.0
GCF_002150395_1_ASM215039v1_genomic.fna	0.0
GCF_000742255_1_ASM74225v1_genomic.fna	0.0
GCF_000366505_1_Bruc_abor_CNGB_1011_V1_genomic.fna	0.0
GCF_001856195_1_ASM185619v1_genomic.fna	0.0
GCF_900491915_1_07-2859-6070_genomic.fna	0.0
GCF_002191795_1_ASM219179v1_genomic.fna	0.0
GCF_000371325_1_Bruc_suis_F9_06-1_V1_genomic.fna	0.0
GCF_000331635_1_Brucella_019_genomic.fna	0.0
GCF_000367085_1_Bruc_ovis_F8_05B_V1_genomic.fna	1.0
GCF_002191415_1_ASM219141v1_genomic.fna	0.0
GCF_000480195_1_Bruc_sp_04-5288_V1_genomic.fna	0.0
GCF_002191755_1_ASM219175v1_genomic.fna	0.0
GCF_900236495_1_Bru_genome46_genomic.fna	0.0
GCF_000740175_1_ASM74017v1_genomic.fna	0.0
GCF_004208695_1_ASM420869v1_genomic.fna	0.0
GCF_000370365_1_Bruc_abor_F1_06-B21_V1_genomic.fna	0.0
GCF_006505895_1_ASM650589v1_genomic.fna	0.0
GCF_000238195_1_ASM23819v1_genomic.fna	0.0
GCF_000413595_1_Bruc_abor_biovar_1_85-1058_V1_genomic.fna	0.0
GCF_006507775_1_ASM650777v1_genomic.fna	0.0
GCF_001971625_1_ASM197162v1_genomic.fna	0.0
GCF_000480215_1_Bruc_meli_11-1823-3434_V1_genomic.fna	0.0
GCF_000370225_1_Bruc_abor_80_101_V1_genomic.fna	0.0
GCF_002266775_1_ASM226677v1_genomic.fna	0.0
GCF_004137275_1_ASM413727v1_genomic.fna	0.0
GCF_006506605_1_ASM650660v1_genomic.fna	0.0
GCF_000157875_1_ASM15787v1_genomic.fna	0.0
GCF_001307475_2_ASM130747v2_genomic.fna	0.0
GCF_000366565_1_Bruc_abor_CNGB_436_V1_genomic.fna	0.0
GCF_001402025_1_ASM140202v1_genomic.fna	0.0
GCF_006506675_1_ASM650667v1_genomic.fna	0.0
GCF_900236405_1_Bru_genome13_genomic.fna	0.0
GCF_002191555_1_ASM219155v1_genomic.fna	0.0
GCF_000365985_1_Bruc_ovis_IntaBari-2008-114-542_V1_genomic.fna	1.0
GCF_002192075_1_ASM219207v1_genomic.fna	0.0
GCF_000366305_1_Bruc_abor_67_781_V1_genomic.fna	0.0
GCF_000741995_1_ASM74199v1_genomic.fna	0.0
GCF_000366765_1_Bruc_abor_NI633_V1_genomic.fna	0.0
GCF_003994185_1_ASM399418v1_genomic.fna	0.0
GCF_003989725_1_ASM398972v1_genomic.fna	0.0
GCF_000160295_1_ASM16029v1_genomic.fna	0.0
GCF_006507345_1_ASM650734v1_genomic.fna	0.0
GCF_006505925_1_ASM650592v1_genomic.fna	0.0
GCF_000366145_1_Bruc_abor_CNGB_759_V1_genomic.fna	0.0
GCF_000365845_1_Bruc_meli_F15_06-7_V1_genomic.fna	0.0
GCF_000223195_1_ASM22319v1_genomic.fna	0.0
GCF_006507905_1_ASM650790v1_genomic.fna	0.0
GCF_000292105_1_ASM29210v2_genomic.fna	0.0
GCF_006508035_1_ASM650803v1_genomic.fna	0.0
GCF_002204345_1_ASM220434v1_genomic.fna	0.0
GCF_002191635_1_ASM219163v1_genomic.fna	0.0
GCF_900095155_1_BR141012304v1_genomic.fna	0.0
GCF_000740335_1_ASM74033v1_genomic.fna	0.0
GCF_000740295_1_ASM74029v1_genomic.fna	0.0
GCF_000016845_1_ASM1684v1_genomic.fna	1.0
GCF_000370785_1_Bruc_meli_Uk24_06_V1_genomic.fna	0.0
GCF_000367125_1_Bruc_sp_UK38_05_V1_genomic.fna	0.0
GCF_000413795_1_Bruc_abor_biovar_1_01-0065_V1_genomic.fna	0.0
GCF_002191315_1_ASM219131v1_genomic.fna	0.0
GCF_000370765_1_Bruc_meli_UK23_06_V1_genomic.fna	0.0
GCF_900236535_1_Bru_genome4_genomic.fna	0.0
GCF_000366945_1_Bruc_meli_F2_06-6_V1_genomic.fna	0.0
GCF_006506935_1_ASM650693v1_genomic.fna	0.0
GCF_001715405_1_ASM171540v1_genomic.fna	0.0
GCF_000699025_1_ASM69902v1_genomic.fna	0.0
GCF_002278575_1_ASM227857v1_genomic.fna	0.0
GCF_000366005_1_Bruc_ovis_IntaBari-1993-758_V1_genomic.fna	1.0
GCF_000366545_1_Bruc_abor_CNGB_308_V1_genomic.fna	0.0
GCF_000370205_1_Bruc_abor_78_32_V1_genomic.fna	0.0
GCF_001402075_1_ASM140207v1_genomic.fna	0.0
GCF_001971805_1_ASM197180v1_genomic.fna	0.0
GCF_006508015_1_ASM650801v1_genomic.fna	0.0
GCF_000413975_1_Bruc_abor_biovar_1_89-0363_V1_genomic.fna	0.0
GCF_006506015_1_ASM650601v1_genomic.fna	0.0
GCF_006506665_1_ASM650666v1_genomic.fna	0.0
GCF_000413955_1_Bruc_abor_biovar_1_B10-0091_V1_genomic.fna	0.0
GCF_000245935_1_Bruc_abor_bv1_NI016_V1_genomic.fna	0.0
GCF_001940595_1_ASM194059v1_genomic.fna	0.0
GCF_000370525_1_Bruc_abor_NI422_V1_genomic.fna	0.0
GCF_002191595_1_ASM219159v1_genomic.fna	0.0
GCF_002214285_1_ASM221428v1_genomic.fna	0.0
GCF_001856295_1_ASM185629v1_genomic.fna	0.0
GCF_000371285_1_Bruc_suis_F8_06-1_V1_genomic.fna	0.0
GCF_006506575_1_ASM650657v1_genomic.fna	0.0
GCF_000160275_1_ASM16027v1_genomic.fna	0.0
GCF_001307425_1_ASM130742v1_genomic.fna	0.0
GCF_001766405_1_ASM176640v1_genomic.fna	0.0
GCF_006507425_1_ASM650742v1_genomic.fna	0.0
GCF_002871075_1_ASM287107v1_genomic.fna	0.0
GCF_000366085_1_Bruc_suis_63_252_V1_genomic.fna	0.0
GCF_000018725_1_ASM1872v1_genomic.fna	0.0
GCF_006506195_1_ASM650619v1_genomic.fna	0.0
GCF_000157695_1_ASM15769v1_genomic.fna	0.0
GCF_006506815_1_ASM650681v1_genomic.fna	0.0
GCF_006506225_1_ASM650622v1_genomic.fna	0.0
GCF_000369985_1_Bruc_abor_63_130_V1_genomic.fna	0.0
GCF_000480275_1_Bruc_cani_96-7258_V1_genomic.fna	0.0
GCF_006506295_1_ASM650629v1_genomic.fna	0.0
GCF_006507555_1_ASM650755v1_genomic.fna	0.0
GCF_006506235_1_ASM650623v1_genomic.fna	0.0
GCF_006507565_1_ASM650756v1_genomic.fna	0.0
GCF_000398805_1_Bruc_abor_93_2_V1_genomic.fna	0.0
GCF_000370625_1_Bruc_meli_BG2_S27_V1_genomic.fna	0.0
GCF_000365705_1_Bruc_suis_F4_06-146_V1_genomic.fna	0.0
GCF_000163115_1_ASM16311v1_genomic.fna	0.0
GCF_000366125_1_Bruc_abor_CNGB_752_V1_genomic.fna	0.0
GCF_000221005_1_ASM22100v1_genomic.fna	0.0
GCF_004127195_1_ASM412719v1_genomic.fna	0.0
GCF_000366785_1_Bruc_abor_NI645_V1_genomic.fna	0.0
GCF_000177155_1_ASM17715v1_genomic.fna	0.0
GCF_000370185_1_Bruc_abor_78_14_V1_genomic.fna	0.0
GCF_000365685_1_Bruc_abor_NI388_V1_genomic.fna	0.0
GCF_900417225_1_00-2529-3_genomic.fna	0.0
GCF_003993955_1_ASM399395v1_genomic.fna	0.0
GCF_002192095_1_ASM219209v1_genomic.fna	0.0
GCF_000413515_1_Bruc_ovis_IntaBari-2009-88-3_V1_genomic.fna	1.0
GCF_000365925_1_Bruc_ovis_IntaBari-2002-82-58_V1_genomic.fna	1.0
GCF_002290745_1_ASM229074v1_genomic.fna	0.0
GCF_000370485_1_Bruc_abor_F6_05-9_V1_genomic.fna	0.0
GCF_000600055_1_ASM60005v1_genomic.fna	0.0
GCF_002895125_1_ASM289512v1_genomic.fna	0.0
GCF_000366065_1_Bruc_ovis_IntaBari-2006-46-348_V1_genomic.fna	1.0
GCF_006507745_1_ASM650774v1_genomic.fna	0.0
GCF_000366225_1_Bruc_suis_92_63_V1_genomic.fna	0.0
GCF_900236435_1_Bru_genome23_genomic.fna	0.0
GCF_002192135_1_ASM219213v1_genomic.fna	0.0
GCF_000157715_1_ASM15771v1_genomic.fna	0.0
GCF_000413535_1_Bruc_abor_biovar_4_68-3396P_V1_genomic.fna	0.0
GCF_002191615_1_ASM219161v1_genomic.fna	0.0
GCF_000370725_1_Bruc_meli_UK14_06_V1_genomic.fna	0.0
GCF_000298615_1_V1_0_of_Brucella_melitensis_bv_3_str_128_genomic.fna	0.0
GCF_003984745_1_ASM398474v1_genomic.fna	0.0
GCF_000370385_1_Bruc_abor_F10_05-11_V1_genomic.fna	0.0
GCF_000413575_1_Bruc_abor_biovar_1_84-0928_V1_genomic.fna	0.0
GCF_003965945_1_ASM396594v1_genomic.fna	0.0
GCF_003994155_1_ASM399415v1_genomic.fna	0.0
GCF_006507495_1_ASM650749v1_genomic.fna	0.0
GCF_900095085_1_14913_1_10_genomic.fna	0.0
GCF_006507765_1_ASM650776v1_genomic.fna	0.0
GCF_900491895_1_07-2859-6071_genomic.fna	0.0
GCF_000366285_1_Bruc_abor_64_122_V1_genomic.fna	0.0
GCF_002191715_1_ASM219171v1_genomic.fna	0.0
GCF_000370965_1_Bruc_sp_F23_97_V1_genomic.fna	0.0
GCF_002191995_1_ASM219199v1_genomic.fna	0.0
GCF_001856365_1_ASM185636v1_genomic.fna	0.0
GCF_000698285_1_ASM69828v1_genomic.fna	0.0
GCF_001608425_1_BMEL003-SEQ-1-ASM-1_genomic.fna	0.0
GCF_000940435_1_Brucella_melitensis_MY1483_09_genomic.fna	0.0
GCF_000365765_1_Bruc_abor_F6_05-2_V1_genomic.fna	0.0
GCF_000371085_1_Bruc_suis_01-5744_V1_genomic.fna	0.0
GCF_000367285_1_Bruc_cani_CNGB_1324_V1_genomic.fna	0.0
GCF_001702335_1_ASM170233v1_genomic.fna	0.0
GCF_000366165_1_Bruc_abor_CNGB_966_V1_genomic.fna	0.0
GCF_002192195_1_ASM219219v1_genomic.fna	0.0
GCF_006506625_1_ASM650662v1_genomic.fna	0.0
GCF_900417235_1_00-2782_genomic.fna	0.0
GCF_900236585_1_Bru_genome1_genomic.fna	0.0
GCF_006507685_1_ASM650768v1_genomic.fna	0.0
GCF_000298595_1_V1_0_of_Brucella_melitensis_bv_1_str_133_genomic.fna	0.0
GCF_001715445_1_ASM171544v1_genomic.fna	0.0
GCF_002191775_1_ASM219177v1_genomic.fna	0.0
GCF_002191835_1_ASM219183v1_genomic.fna	0.0
GCF_006506435_1_ASM650643v1_genomic.fna	0.0
GCF_000366105_1_Bruc_abor_65_110_V1_genomic.fna	0.0
GCF_000740255_1_ASM74025v1_genomic.fna	0.0
GCF_900446095_1_59071_B01_genomic.fna	0.0
GCF_002953595_1_ASM295359v1_genomic.fna	0.0
GCF_001856285_1_ASM185628v1_genomic.fna	0.0
GCF_000413695_1_Bruc_abor_biovar_2_90-0737_V1_genomic.fna	0.0
GCF_002290685_1_ASM229068v1_genomic.fna	0.0
GCF_000740395_1_ASM74039v1_genomic.fna	0.0
GCF_000371065_1_Bruc_sp_UK40_99_V1_genomic.fna	0.0
GCF_006507365_1_ASM650736v1_genomic.fna	0.0
GCF_000366445_1_Bruc_abor_88_226_V1_genomic.fna	0.0
GCF_001766475_1_ASM176647v1_genomic.fna	0.0
GCF_003516085_1_ASM351608v1_genomic.fna	0.0
GCF_000413715_1_Bruc_abor_biovar_2_90-1280_V1_genomic.fna	0.0
GCF_003194875_1_ASM319487v1_genomic.fna	0.0
GCF_000370865_1_Bruc_meli_UK37_05_V1_genomic.fna	0.0
GCF_000742055_1_ASM74205v1_genomic.fna	0.0
GCF_002291385_1_ASM229138v1_genomic.fna	0.0
GCF_006506095_1_ASM650609v1_genomic.fna	0.0
GCF_000366405_1_Bruc_abor_863_67_V1_genomic.fna	0.0
GCF_006506125_1_ASM650612v1_genomic.fna	0.0
GCF_000742195_1_ASM74219v1_genomic.fna	0.0
GCF_000365805_1_Bruc_abor_NI274_V1_genomic.fna	0.0
GCF_003993855_1_ASM399385v1_genomic.fna	0.0
GCF_002191275_1_ASM219127v1_genomic.fna	0.0
GCF_001307445_1_ASM130744v1_genomic.fna	0.0
GCF_003994015_1_ASM399401v1_genomic.fna	0.0
GCF_003965935_1_ASM396593v1_genomic.fna	0.0
GCF_000292185_1_ASM29218v2_genomic.fna	0.0
GCF_000369925_1_Bruc_abor_355_78_V1_genomic.fna	0.0
GCF_000413755_1_Bruc_abor_biovar_1_01-0648_V1_genomic.fna	0.0
GCF_000250815_1_ASM25081v2_genomic.fna	0.0
GCF_006507065_1_ASM650706v1_genomic.fna	0.0
GCF_000366245_1_Bruc_suis_94_11_V1_genomic.fna	0.0
GCF_000292085_1_ASM29208v2_genomic.fna	0.0
GCF_000370985_1_Bruc_sp_F5_06_V1_genomic.fna	0.0
GCF_000480075_1_Bruc_abor_03-4923-239-D_V1_genomic.fna	0.0
GCF_000177135_1_ASM17713v1_genomic.fna	0.0
GCF_003194895_1_ASM319489v1_genomic.fna	0.0
GCF_000370425_1_Bruc_abor_F5_04-7_V1_genomic.fna	0.0
GCF_000022625_1_ASM2262v1_genomic.fna	0.0
GCF_000292005_1_ASM29200v2_genomic.fna	0.0
GCF_002192035_1_ASM219203v1_genomic.fna	0.0
GCF_000370645_1_Bruc_meli_F1_06_B10_V1_genomic.fna	0.0
GCF_002763615_1_ASM276361v1_genomic.fna	0.0
GCF_001715485_1_ASM171548v1_genomic.fna	0.0
GCF_001856185_1_ASM185618v1_genomic.fna	0.0
GCF_001937795_1_ASM193779v1_genomic.fna	0.0
GCF_000366045_1_Bruc_ovis_IntaBari-2009-88-4_V1_genomic.fna	1.0
GCF_000008145_1_ASM814v1_genomic.fna	0.0
GCF_006506005_1_ASM650600v1_genomic.fna	0.0
GCF_002290665_1_ASM229066v1_genomic.fna	0.0
GCF_002245205_1_ASM224520v1_genomic.fna	0.0
GCF_003993875_1_ASM399387v1_genomic.fna	0.0
GCF_006506465_1_ASM650646v1_genomic.fna	0.0
GCF_900446135_1_58116_C01_genomic.fna	1.0
GCF_000209595_2_ASM20959v2_genomic.fna	0.0
GCF_003994205_1_ASM399420v1_genomic.fna	0.0
GCF_002204295_1_ASM220429v1_genomic.fna	0.0
GCF_000740155_1_ASM74015v1_genomic.fna	0.0
GCF_000365825_1_Bruc_abor_NI492_V1_genomic.fna	0.0
GCF_000366745_1_Bruc_abor_NI613_V1_genomic.fna	0.0
GCF_002262955_1_ASM226295v1_genomic.fna	0.0
GCF_006507165_1_ASM650716v1_genomic.fna	0.0
GCF_000480175_1_Bruc_abor_89-2646-1238_V1_genomic.fna	0.0
GCF_004137325_1_ASM413732v1_genomic.fna	0.0
GCF_006505935_1_ASM650593v1_genomic.fna	0.0
GCF_000698325_1_ASM69832v1_genomic.fna	0.0
GCF_000371205_1_Bruc_suis_F5_05-4_V1_genomic.fna	0.0
GCF_001856345_1_ASM185634v1_genomic.fna	0.0
GCF_002191395_1_ASM219139v1_genomic.fna	0.0
GCF_003994045_1_ASM399404v1_genomic.fna	0.0
GCF_000413615_1_Bruc_abor_biovar_1_87-0095_V1_genomic.fna	0.0
GCF_001401915_1_ASM140191v1_genomic.fna	0.0
GCF_006505995_1_ASM650599v1_genomic.fna	0.0
GCF_002278735_1_ASM227873v1_genomic.fna	0.0
GCF_900236415_1_Bru_genome48_genomic.fna	0.0
GCF_003984755_1_ASM398475v1_genomic.fna	0.0
GCF_002266745_1_ASM226674v1_genomic.fna	0.0
GCF_900417195_1_01-3016-5171_genomic.fna	0.0
GCF_000370665_1_Bruc_meli_F10_06-16_V1_genomic.fna	0.0
GCF_000370925_1_Bruc_sp_56_94_V1_genomic.fna	0.0
GCF_000413495_1_Bruc_abor_biovar_1_76-1413_V1_genomic.fna	0.0
GCF_900446035_1_59071_C01_genomic.fna	0.0
GCF_001511795_1_BVF965_genomic.fna	0.0
GCF_002191855_1_ASM219185v1_genomic.fna	0.0
GCF_004704905_2_ASM470490v2_genomic.fna	0.0
GCF_000370805_1_Bruc_meli_UK29_05_V1_genomic.fna	0.0
GCF_900236455_1_Bru_genome44_genomic.fna	0.0
GCF_003994115_1_ASM399411v1_genomic.fna	0.0
GCF_004127225_1_ASM412722v1_genomic.fna	0.0
GCF_000988815_1_BMEL001-SEQ-1-ASM-1_genomic.fna	0.0
GCF_006507915_1_ASM650791v1_genomic.fna	0.0
GCF_000157775_1_ASM15777v1_genomic.fna	0.0
GCF_000370845_1_Bruc_meli_UK31_99_V1_genomic.fna	0.0
GCF_000370165_1_Bruc_abor_67_93_V1_genomic.fna	0.0
GCF_003989875_1_ASM398987v1_genomic.fna	0.0
GCF_000331655_1_Brucella_melitensis_043_genomic.fna	0.0
GCF_000158675_1_ASM15867v1_genomic.fna	0.0
GCF_000365725_1_Bruc_abor_F3_07-1_V1_genomic.fna	0.0
GCF_006507175_1_ASM650717v1_genomic.fna	0.0
GCF_003991385_1_ASM399138v1_genomic.fna	0.0
GCF_001401935_1_ASM140193v1_genomic.fna	0.0
GCF_000367105_1_Bruc_sp_UK5_01_V1_genomic.fna	0.0
GCF_000245875_1_Bruc_abor_bv1_NI474_V1_genomic.fna	0.0
GCF_000366425_1_Bruc_abor_88_19_V1_genomic.fna	0.0
GCF_000369965_1_Bruc_abor_600_64_V1_genomic.fna	0.0
GCF_000480155_1_Bruc_suis_97-9757_V1_genomic.fna	0.0
GCF_002191535_1_ASM219153v1_genomic.fna	0.0
GCF_000192725_1_ASM19272v1_genomic.fna	0.0
GCF_002290765_1_ASM229076v1_genomic.fna	0.0
GCF_001937805_1_ASM193780v1_genomic.fna	0.0
GCF_900092405_1_10RB9215v1_genomic.fna	0.0
GCF_900236545_1_Bru_genome36_genomic.fna	0.0
GCF_001938175_1_ASM193817v1_genomic.fna	0.0
GCF_000370265_1_Bruc_abor_84_26_V1_genomic.fna	0.0
GCF_001702375_1_ASM170237v1_genomic.fna	0.0
GCF_001401945_1_ASM140194v1_genomic.fna	0.0
GCF_000938035_1_Brucella_melitensis_Phil1136_12_genomic.fna	0.0
GCF_000740195_1_ASM74019v1_genomic.fna	0.0
GCF_006507015_1_ASM650701v1_genomic.fna	0.0
GCF_003194885_1_ASM319488v1_genomic.fna	0.0
